method,seed,test_fold,n_edges,prevalence,reported_mcc,oracle_mcc,gap,auroc,auprc,pred_pos_rate_at_05,true_pos_rate_at_05,optimal_threshold,reported_threshold
B3_within,0,cic_ids2018,400000,0.0553375,0.2914298264362392,0.3494515385245523,0.05802171208831308,0.7920860660694153,0.2087403001953253,0.00519,0.9778420038535646,0.0075427815318107605,0.5
B3_within,0,lycos_ids2017,367497,0.6954560173280326,0.15869284650737908,0.864553977051499,0.7058611305441198,0.939235838695307,0.9664559275847845,0.054381396310718186,1.0,6.9720245202131714e-12,0.5
B3_within,0,ton_iot,400000,0.00199,0.0015857063774572888,0.033910505436668195,0.03232479905921091,0.6265597260281628,0.00239831932237152,0.25463,0.0021109060205003337,0.2392324060201645,0.5
B3_within,0,unsw_nb15,400000,0.24649,0.9519038973536365,0.9536723463932114,0.0017684490395749597,0.9988199523833501,0.9963846123316347,0.2546075,0.9484206081910391,4.965953849023208e-06,0.5
B3_within,1,cic_ids2018,400000,0.0553375,0.28926012619307373,0.2715905837469319,-0.017669542446141828,0.6504232275310461,0.16206289471660262,0.00526,0.964828897338403,0.3205508291721344,0.5
B3_within,1,lycos_ids2017,367497,0.6954560173280326,0.15875161875678548,0.97916874464952,0.8204171258927345,0.997700428580057,0.9984449608150437,0.0544194918597975,1.0,4.668825681619637e-07,0.5
B3_within,1,ton_iot,400000,0.00199,-0.008745057409861192,0.028086790833573908,0.0368318482434351,0.648102838656464,0.0026361928652722543,0.182415,0.0011649261299783462,0.2780120074748993,0.5
B3_within,1,unsw_nb15,400000,0.24649,0.9140843103808586,0.9510798318479712,0.0369955214671126,0.9978944529129954,0.9936381278576232,0.239465,0.9485415405174034,2.3875712518162118e-09,0.5
B3_within,2,cic_ids2018,400000,0.0553375,0.29293504193339015,0.5117465141822661,0.21881147224887598,0.869289335298663,0.3090631876348164,0.0052975,0.973100519112789,0.016599901020526886,0.5
B3_within,2,lycos_ids2017,367497,0.6954560173280326,0.8788949183084424,0.9983554885985614,0.11946057029011903,0.9999942533280811,0.9999973136932464,0.6382092915044204,0.9999957363349535,6.937065336387604e-05,0.5
B3_within,2,ton_iot,400000,0.00199,0.011913698912858088,0.03558920197315561,0.023675503060297524,0.6518469744741784,0.002588289780990816,0.33282,0.0027417222522684937,0.028556160628795624,0.5
B3_within,2,unsw_nb15,400000,0.24649,0.9076436234011502,0.947896937769516,0.04025331436836577,0.9978198475547329,0.9934935216431642,0.2330325,0.9561327282675164,3.435905568949238e-07,0.5
B4_raw,0,cic_ids2018,8392401,0.12144355351942787,0.0,0.0,0.0,0.3598386466318405,0.09391831073779135,0.0,0.0,1.0000412553012585e-06,0.5
B4_raw,0,lycos_ids2017,1837486,0.24044972315435328,0.060354254531122704,0.28118680680072444,0.22083255226960175,0.6284213188537117,0.28758532404981474,0.18869204989861146,0.29393255056688555,0.0012896365951746702,0.5
B4_raw,0,ton_iot,27520260,0.38982356998080686,0.002596470457348625,0.17905997840821655,0.17646350795086793,0.5042099138900287,0.35723394095315736,4.542108250430773e-06,0.984,9.916783728449956e-28,0.5
B4_raw,0,unsw_nb15,2538252,0.1258692990294108,-0.011771711305315768,0.07956493629635769,0.09133664760167345,0.4481617299578947,0.1198617252634243,0.000973898572718548,0.0008090614886731392,6.678177598688171e-31,0.5
B4_raw,1,cic_ids2018,8392401,0.12144355351942787,-0.0030506903500836426,0.2136185101128866,0.21666920046297025,0.6051427075301226,0.18462853906056365,6.732280785915735e-05,0.0,2.821519893658431e-18,0.5
B4_raw,1,lycos_ids2017,1837486,0.24044972315435328,0.30563787847293594,0.4557043683448409,0.15006648987190496,0.8182559400766817,0.5588951836792212,0.1314818180927637,0.5761519230450836,2.365445339602701e-10,0.5
B4_raw,1,ton_iot,27520260,0.38982356998080686,-0.00015236319636345507,0.06603268851337123,0.06618505170973468,0.22643943597174382,0.2677447434955144,3.6336866003446187e-08,0.0,1.2457847752613454e-28,0.5
B4_raw,1,unsw_nb15,2538252,0.1258692990294108,0.1818469946719989,0.21052179509200988,0.02867480042001097,0.5902089223724796,0.2343676649271237,0.015425970313428296,0.607764014812923,0.9993682503700256,0.5
B4_raw,2,cic_ids2018,8392401,0.12144355351942787,-0.00033955371475872896,0.002443980037953204,0.002783533752711933,0.46670431951958835,0.1052437013409341,8.340878849807105e-07,0.0,1.401298464324817e-45,0.5
B4_raw,2,lycos_ids2017,1837486,0.24044972315435328,0.0,0.5451317867178533,0.5451317867178533,0.8478699069871426,0.5115322625160833,0.0,0.0,2.0791893480155083e-25,0.5
B4_raw,2,ton_iot,27520260,0.38982356998080686,-0.011951229941994301,0.22245821142017558,0.23440944136216987,0.5727797713532594,0.41498848797429083,0.002824028552055831,0.28029542705679505,0.0,0.5
B4_raw,2,unsw_nb15,2538252,0.1258692990294108,-0.00481137647223484,0.0,0.00481137647223484,0.3481650209375186,0.1059458297551567,0.00016074054112830404,0.0,1.000001,0.5
B5_quant,0,cic_ids2018,8392401,0.12144355351942787,0.07919078963805867,0.2580135537236855,0.17882276408562683,0.6255864751435447,0.19077120902319789,0.07062555757285668,0.2152777543452367,0.004096801392734051,0.5
B5_quant,0,lycos_ids2017,1837486,0.24044972315435328,-0.18659212892137259,0.2854466064448989,0.4720387353662715,0.5587600040380138,0.23627559217764355,0.1321354285148295,0.036087760557173276,0.0025420659221708775,0.5
B5_quant,0,ton_iot,27520260,0.38982356998080686,0.041600990971047025,0.2675951364089733,0.22599414543792629,0.599346030613559,0.43917437618657673,0.03109120335345669,0.5030865856822628,1.7442887383367633e-06,0.5
B5_quant,0,unsw_nb15,2538252,0.1258692990294108,-0.19847965483729443,0.0,0.19847965483729443,0.23988070524516042,0.0773783009348535,0.23103261614686013,0.0057586810795693865,1.000001,0.5
B5_quant,1,cic_ids2018,8392401,0.12144355351942787,-0.0679053944825463,0.0,0.0679053944825463,0.2694354493379199,0.0790425348786177,0.05868296808029073,0.032607702475781285,1.000001,0.5
B5_quant,1,lycos_ids2017,1837486,0.24044972315435328,-0.2242050637371203,0.33829975951311975,0.5625048232502401,0.6283643644410232,0.2712889141280413,0.16987068200791733,0.02863824947538725,0.003857794450595975,0.5
B5_quant,1,ton_iot,27520260,0.38982356998080686,-0.10093914946041135,0.10353786475496585,0.2044770142153772,0.4553420978165581,0.3349166680102451,0.020342649379039297,0.04819455732492609,1.5456536051061676e-09,0.5
B5_quant,1,unsw_nb15,2538252,0.1258692990294108,-0.19030352382548085,0.0,0.19030352382548085,0.2666111712846492,0.08087802272715695,0.23795943034812933,0.012907263398570533,1.000001,0.5
B5_quant,2,cic_ids2018,8392401,0.12144355351942787,0.0008811583259233657,0.13430544087828916,0.1334242825523658,0.5956018954890081,0.15071711916807834,0.052105589330157125,0.12267117320045462,8.011993486434221e-07,0.5
B5_quant,2,lycos_ids2017,1837486,0.24044972315435328,-0.1909631393371654,0.2825392189460737,0.4735023582832391,0.5911042708867432,0.25240798078282334,0.15315599683480582,0.04854986461612809,0.0040503391064703465,0.5
B5_quant,2,ton_iot,27520260,0.38982356998080686,-0.05392129621507478,0.20297651703276265,0.25689781324783745,0.5556714254716735,0.3848474580528158,0.00843378659939986,0.10467470917707884,2.0479486920521595e-05,0.5
B5_quant,2,unsw_nb15,2538252,0.1258692990294108,-0.24642488974108887,0.0,0.24642488974108887,0.23762809066967988,0.07744361000101573,0.30448828563909336,0.00233157537897804,1.000001,0.5
E1.A,0,cic_ids2018,8392401,0.12144355351942787,0.0,0.0,0.0,0.35983820761259105,0.09391829226433299,0.0,0.0,1.0000412553775863e-06,0.5
E1.A,0,lycos_ids2017,1837486,0.24044972315435328,0.06035340513798592,0.28118979713321623,0.2208363919952303,0.6284213640537964,0.287585360031674,0.188692594120445,0.29393170281495157,0.0012896403204649687,0.5
E1.A,0,ton_iot,27520260,0.38982356998080686,0.002596470457348625,0.17906372242777233,0.1764672519704237,0.5042098728761979,0.357233917491384,4.542108250430773e-06,0.984,9.916972469584506e-28,0.5
E1.A,0,unsw_nb15,2538252,0.1258692990294108,-0.011771711305315768,0.07956493629635769,0.09133664760167345,0.44816183382695196,0.11986176726302278,0.000973898572718548,0.0008090614886731392,6.678177598688171e-31,0.5
E1.A,1,cic_ids2018,8392401,0.12144355351942787,-0.0030506903500836426,0.2136185101128866,0.21666920046297025,0.6051426487127419,0.18462839158711647,6.732280785915735e-05,0.0,2.821519893658431e-18,0.5
E1.A,1,lycos_ids2017,1837486,0.24044972315435328,0.30563787847293594,0.4557043683448409,0.15006648987190496,0.818255936158649,0.5588951290718176,0.1314818180927637,0.5761519230450836,2.3654589398347525e-10,0.5
E1.A,1,ton_iot,27520260,0.38982356998080686,-0.00015236319636345507,0.06603215633435303,0.06618451953071648,0.22643947805939937,0.26774475225188427,3.6336866003446187e-08,0.0,1.2457847752613454e-28,0.5
E1.A,1,unsw_nb15,2538252,0.1258692990294108,0.1818469946719989,0.21052179509200988,0.02867480042001097,0.5902089021585745,0.2343677585797142,0.015425970313428296,0.607764014812923,0.9993682503700256,0.5
E1.A,2,cic_ids2018,8392401,0.12144355351942787,-0.00033955371475872896,0.0034558760816385398,0.0037954297963972688,0.46670429190356394,0.10524371083625558,8.340878849807105e-07,0.0,1.401298464324817e-45,0.5
E1.A,2,lycos_ids2017,1837486,0.24044972315435328,0.0,0.5451317867178533,0.5451317867178533,0.8478700092800651,0.5115325174472446,0.0,0.0,2.0791893480155083e-25,0.5
E1.A,2,ton_iot,27520260,0.38982356998080686,-0.011951229941994301,0.22245821142017558,0.23440944136216987,0.5727798082358206,0.41498856674166634,0.002824028552055831,0.28029542705679505,0.0,0.5
E1.A,2,unsw_nb15,2538252,0.1258692990294108,-0.00481137647223484,0.0,0.00481137647223484,0.3481650281257349,0.10594583105441563,0.00016074054112830404,0.0,1.000001,0.5
E1.B,0,cic_ids2018,8392401,0.12144355351942787,0.0791931680532401,0.25801262007216935,0.17881945201892924,0.6255864673579599,0.19077116870339555,0.07062579588368097,0.2152804022135241,0.004096813499927521,0.5
E1.B,0,lycos_ids2017,1837486,0.24044972315435328,-0.18659212892137259,0.2854466064448989,0.4720387353662715,0.5587600281324547,0.23627560221564176,0.1321354285148295,0.036087760557173276,0.0025420840829610825,0.5
E1.B,0,ton_iot,27520260,0.38982356998080686,0.04160113430874395,0.2675973792283949,0.22599624491965092,0.5993462094934002,0.439174460924167,0.03109109434285868,0.5030871808656728,1.7442438320358633e-06,0.5
E1.B,0,unsw_nb15,2538252,0.1258692990294108,-0.19847965483729443,0.0,0.19847965483729443,0.23988070507587655,0.07737830125359806,0.23103261614686013,0.0057586810795693865,1.000001,0.5
E1.B,1,cic_ids2018,8392401,0.12144355351942787,-0.06790694657544134,0.0,0.06790694657544134,0.2694353714152702,0.07904250279431668,0.05868296808029073,0.03260567198182302,1.000001,0.5
E1.B,1,lycos_ids2017,1837486,0.24044972315435328,-0.2242050637371203,0.33829975951311975,0.5625048232502401,0.6283643592523869,0.27128891001598293,0.16987068200791733,0.02863824947538725,0.003857803763821721,0.5
E1.B,1,ton_iot,27520260,0.38982356998080686,-0.1009396772305921,0.10353786475496585,0.20447754198555795,0.45534224810064927,0.3349167379600654,0.020342649379039297,0.04819277108433735,1.5456360635823785e-09,0.5
E1.B,1,unsw_nb15,2538252,0.1258692990294108,-0.19030861673419455,0.0,0.19030861673419455,0.26661106243653,0.0808780076329599,0.23795864240430029,0.012903994874163698,1.000001,0.5
E1.B,2,cic_ids2018,8392401,0.12144355351942787,0.0008821597910678909,0.1343046697008019,0.133422509909734,0.5956010275507307,0.1507164615859779,0.052104993553096425,0.12267257584281226,8.011948011699133e-07,0.5
E1.B,2,lycos_ids2017,1837486,0.24044972315435328,-0.1909631393371654,0.2825392189460737,0.4735023582832391,0.5911042882438222,0.2524079869930421,0.15315599683480582,0.04854986461612809,0.004050323739647865,0.5
E1.B,2,ton_iot,27520260,0.38982356998080686,-0.05392129621507478,0.20297651703276265,0.25689781324783745,0.5556714666079677,0.3848474668502839,0.00843378659939986,0.10467470917707884,2.0479486920521595e-05,0.5
E1.B,2,unsw_nb15,2538252,0.1258692990294108,-0.24642488974108887,0.0,0.24642488974108887,0.23762802441126693,0.07744360352009792,0.30448828563909336,0.00233157537897804,1.000001,0.5
E1.C,0,cic_ids2018,8392401,0.12144355351942787,-0.0001814990409382704,0.1797514389116011,0.1799329379525394,0.6395581596354551,0.22377529564713733,2.3831082428020302e-07,0.0,4.0629761777211115e-09,0.5
E1.C,0,lycos_ids2017,1837486,0.24044972315435328,-0.4463673918154539,0.0,0.4463673918154539,0.165851613341244,0.14457280823341884,0.48368531787453073,0.04336241863709755,1.000001,0.5
E1.C,0,unsw_nb15,2538252,0.1258692990294108,-0.021840080096317875,0.1492030672840227,0.17104314738034057,0.44456415302121466,0.1596238252772057,0.43521998603763534,0.11761676041777934,0.9967098236083984,0.5
E1.C,1,cic_ids2018,8392401,0.12144355351942787,-0.22674500115993776,0.008348193053017169,0.23509319421295494,0.23036262517821623,0.07361351396096924,0.5274034212616866,0.05133296627498966,1.0672300820857572e-09,0.5
E1.C,1,lycos_ids2017,1837486,0.24044972315435328,0.161697189114774,0.1634101181913991,0.0017129290766251248,0.5707603816671287,0.2794112000674598,0.41458873700262205,0.3225632415814629,0.5993280410766602,0.5
E1.C,1,unsw_nb15,2538252,0.1258692990294108,-0.08888809607057525,0.003805250139945396,0.09269334621052065,0.37662100149398564,0.10258183347033106,0.3847226358927325,0.08858265499122908,0.9404473304748535,0.5
E1.C,2,cic_ids2018,8392401,0.12144355351942787,-0.17467233572010296,0.0,0.17467233572010296,0.2857955583081312,0.07867077265449267,0.20123990738764747,0.007773171190950721,0.990623341632843,0.5
E1.C,2,lycos_ids2017,1837486,0.24044972315435328,-0.28901742702909217,0.0,0.28901742702909217,0.23509904778934915,0.15266967410924367,0.2620041730930195,0.03315546009899695,1.000001,0.5
E1.C,2,unsw_nb15,2538252,0.1258692990294108,-0.3048912878518389,0.0,0.3048912878518389,0.1257100710319209,0.06992676151771338,0.4793483862122437,0.020469184446214247,1.000001,0.5
E1.E,0,cic_ids2018,8392401,0.12144355351942787,0.527660813859896,0.5925112372634228,0.06485042340352676,0.869541875407479,0.34132956229110295,0.2780138842269334,0.3991961268710323,0.575819194316864,0.5
E1.E,0,lycos_ids2017,1837486,0.24044972315435328,-0.3516372941220468,0.10346288709612467,0.4551001812181715,0.25728028474640047,0.1662101573266282,0.4565047026208635,0.07648115628960171,0.014128231443464756,0.5
E1.E,0,unsw_nb15,2538252,0.1258692990294108,0.24865166059563604,0.3836404286989402,0.13498876810330418,0.72217529005529,0.26793824982014103,0.5090452011856978,0.20686874315544257,0.6218408346176147,0.5
E1.E,1,cic_ids2018,8392401,0.12144355351942787,0.14984457189540065,0.5041056051225347,0.354261033227134,0.8332797696400608,0.3110909351312852,0.20306012546349966,0.21840822644795507,0.1420685052871704,0.5
E1.E,1,lycos_ids2017,1837486,0.24044972315435328,-0.42604480165725633,0.14682373559964804,0.5728685372569043,0.1977324462545973,0.15188077938887304,0.3745916975693964,0.005189544781616343,0.016160620376467705,0.5
E1.E,1,unsw_nb15,2538252,0.1258692990294108,0.28111661867479987,0.5664770146372462,0.28536039596244633,0.8298618884231528,0.3807645922779773,0.5345844305451153,0.2128748406305503,0.6592947840690613,0.5
E1.E,2,cic_ids2018,8392401,0.12144355351942787,0.2687167700382876,0.29388618971170344,0.02516941967341585,0.7181555201728529,0.22031123862507235,0.22822682090619836,0.28285277369240736,0.019456656649708748,0.5
E1.E,2,lycos_ids2017,1837486,0.24044972315435328,-0.40181191904739283,0.025187511540444484,0.4269994305878373,0.17472819535777162,0.14655775660585288,0.44236527516400126,0.04765390482751833,0.004690402653068304,0.5
E1.E,2,unsw_nb15,2538252,0.1258692990294108,0.29923420303170467,0.559565199028046,0.26033099599634135,0.825649532005226,0.38104884137380507,0.48949473889905337,0.2272336918422389,0.7376704812049866,0.5
E10.1_gib_b0.001,0,lycos_ids2017,1837486,0.24044972315435328,-0.041300051983607595,0.09097257969264844,0.13227263167625603,0.43831266951486836,0.22126886044024727,0.02496726505671336,0.13015236392963794,0.031138451769948006,0.5
E10.1_gib_b0.01,0,lycos_ids2017,1837486,0.24044972315435328,-0.07264049233645989,0.19802458736557527,0.2706650797020351,0.5732199673674917,0.2709631104807452,0.06564947977834933,0.12333582027687971,0.031298208981752396,0.5
E10.1_gib_b0.1,0,lycos_ids2017,1837486,0.24044972315435328,-0.08358938109688716,0.044581685738710165,0.1281710668355973,0.24836536685509947,0.15894199759059705,0.0371273577050383,0.058530364550504976,0.9997759461402893,0.5
E10.1_gib_b1.0,0,lycos_ids2017,1837486,0.24044972315435328,-0.10276046716470043,0.18096190361873782,0.28372237078343826,0.506382960214582,0.2243093728590277,0.04809995831260755,0.045087856261950825,0.016644423827528954,0.5
E3.A,0,cic_ids2018,8392401,0.12144355351942787,-0.00022229003279517254,0.17158071356617013,0.1718030035989653,0.6311641855304594,0.2187523327011749,3.574662364203045e-07,0.0,6.347868009015656e-09,0.5
E3.A,0,lycos_ids2017,1837486,0.24044972315435328,-0.43065068435342085,0.0,0.43065068435342085,0.18509397246779682,0.14738813414959662,0.4785445984350357,0.048333994830090106,1.000001,0.5
E3.A,0,unsw_nb15,2538252,0.1258692990294108,-0.37918000046520295,0.008558935684719358,0.38773893614992233,0.11733955025421627,0.07157880294335955,0.5925132729138005,0.021565240287563132,0.9999873638153076,0.5
E3.A,1,cic_ids2018,8392401,0.12144355351942787,-0.07984851783884861,0.0,0.07984851783884861,0.27969693780129895,0.07975830954408974,0.09098611946688438,0.039003813554882714,1.0000004039535522,0.5
E3.A,1,lycos_ids2017,1837486,0.24044972315435328,0.161697189114774,0.1634101181913991,0.0017129290766251248,0.5707603854586685,0.27941120402461583,0.41458873700262205,0.3225632415814629,0.5993280410766602,0.5
E3.A,1,unsw_nb15,2538252,0.1258692990294108,-0.24863920419941324,0.0,0.24863920419941324,0.14633717076254377,0.07199057342690776,0.40852720691247363,0.02663207788262637,1.000001,0.5
E3.A,2,cic_ids2018,8392401,0.12144355351942787,-0.36256864280055956,0.0,0.36256864280055956,0.14892947377042082,0.06874030958163359,0.566711004395524,0.01788873409242008,0.998126970363617,0.5
E3.A,2,lycos_ids2017,1837486,0.24044972315435328,-0.28901742702909217,0.0,0.28901742702909217,0.23509909349053976,0.15266968140396306,0.2620041730930195,0.03315546009899695,1.000001,0.5
E3.A,2,unsw_nb15,2538252,0.1258692990294108,-0.24834082929511497,0.0,0.24834082929511497,0.15025725920207939,0.07148648558303584,0.4523774629154237,0.03523629041809783,1.000001,0.5
E3.B,0,cic_ids2018,8392401,0.12144355351942787,-0.18120946354376885,0.0,0.18120946354376885,0.2947217733554294,0.08124090512340061,0.40763090324211154,0.050090002870504025,1.000001,0.5
E3.B,0,lycos_ids2017,1837486,0.24044972315435328,-0.32781261717439614,0.06443084261264219,0.39224345978703834,0.2561484602712616,0.16391245462883888,0.43228030036691434,0.07990341290354258,4.2288887925678864e-05,0.5
E3.B,1,lycos_ids2017,1837486,0.24044972315435328,-0.2423509065948972,0.0,0.2423509065948972,0.3295980856645017,0.17091386214177792,0.35313466333893156,0.10027431882628529,1.000001,0.5
E3.B,2,lycos_ids2017,1837486,0.24044972315435328,-0.41332463960344146,0.0296149715222827,0.44293961112572416,0.1894658858467234,0.1487681996587798,0.392419860613904,0.020659689959032876,8.249485296263348e-12,0.5
E4.1_cic_ids2018,0,lycos_ids2017,1837486,0.24044972315435328,0.08449133266620709,0.1862112818020128,0.1017199491358057,0.22941161312469738,0.21117768392025998,0.10575590780011385,0.3454470603370642,0.8871747255325317,0.5
E4.1_cic_ids2018,0,unsw_nb15,2538252,0.1258692990294108,0.2649585917321806,0.7983451337910752,0.5333865420588946,0.8584923321984538,0.7607211881157458,0.40649903949647237,0.23206502829529452,0.8506333231925964,0.5
E4.1_lycos_ids2017,0,cic_ids2018,8392401,0.12144355351942787,-0.025410265846155897,0.5549039168586631,0.580314182704819,0.8207046416243,0.2856080182439348,0.00666805601877222,0.020139025392684192,0.32230669260025024,0.5
E4.1_lycos_ids2017,0,unsw_nb15,2538252,0.1258692990294108,-0.009613264056724417,0.2134359774114597,0.2230492414681841,0.506898617358398,0.12321391840721037,0.0006413862768550956,0.0,0.3039858639240265,0.5
E4.1_ton_iot,0,cic_ids2018,8392401,0.12144355351942787,-0.20102291348225923,0.34573634888440463,0.5467592623666638,0.6277533624909714,0.23135150998712137,0.252220669627202,0.008382241157026122,0.47520291805267334,0.5
E4.1_ton_iot,0,lycos_ids2017,1837486,0.24044972315435328,0.16782542575287984,0.3351359875937133,0.16731056184083348,0.5896237178720118,0.27669042585137094,0.625894292527943,0.2958988654623363,0.8045954704284668,0.5
E4.1_ton_iot,0,unsw_nb15,2538252,0.1258692990294108,0.15177532960356668,0.27412783764930004,0.12235250804573336,0.4684608444205719,0.11307982277646568,0.6159085071143449,0.1656258335566812,0.48034390807151794,0.5
E4.1_unsw_nb15,0,cic_ids2018,8392401,0.12144355351942787,0.5820816572466035,0.6244607056615226,0.04237904841491902,0.8467612188843903,0.33058871038215,0.24980229138240653,0.45093613414353184,0.8913455605506897,0.5
E4.1_unsw_nb15,0,lycos_ids2017,1837486,0.24044972315435328,-0.24394989821777885,0.1348115781679523,0.37876147638573116,0.22889098175968803,0.15956957555812526,0.36012356012508395,0.10148219342866037,1.754801814968232e-06,0.5
E4.2_dann,0,cic_ids2018,8392401,0.12144355351942787,0.5247553903279534,0.5426507166876263,0.017895326359672947,0.8150478065190786,0.2614506843842375,0.2932987830300292,0.3875110147102496,0.562157928943634,0.5
E4.2_dann,0,lycos_ids2017,1837486,0.24044972315435328,-0.16595076343459292,0.05654809141205636,0.22249885484664927,0.28418445385148844,0.21790282662342775,0.28536707218449553,0.12821965145949904,0.06035523861646652,0.5
E4.2_dann,0,unsw_nb15,2538252,0.1258692990294108,0.8153109300269578,0.8243048853048134,0.008993955277855625,0.8146988841142458,0.7698648749869588,0.09498623462130631,0.960642723528509,0.5928394198417664,0.5
E4.3_graphstats,0,cic_ids2018,8392401,0.12144355351942787,-0.09161016328048717,0.21139491840304636,0.3030050816835335,0.6248660646989976,0.14132799602253576,0.08171249205084456,0.02112971809543808,2.7916216822632123e-06,0.5
E4.3_graphstats,0,lycos_ids2017,1837486,0.24044972315435328,-0.11096913275734453,0.05878501468258182,0.16975414743992634,0.3827021999185868,0.1828007738485588,0.07431566825543161,0.07307731739824538,1.3528040666843655e-11,0.5
E4.3_graphstats,0,unsw_nb15,2538252,0.1258692990294108,-0.12789435234023924,0.0072317930511203365,0.1351261453913596,0.2611166476476484,0.08005404770628433,0.15368883783012877,0.026318825124775378,5.583887688122889e-18,0.5
E5.0_dann,1,cic_ids2018,8392401,0.12144355351942787,0.4951009651321379,0.5088041636311728,0.013703198499034841,0.7770315095317217,0.22398040058299973,0.3170279875806697,0.3588095433180011,0.5867713093757629,0.5
E5.0_dann,1,lycos_ids2017,1837486,0.24044972315435328,-0.17843147533816037,0.13171121144317635,0.3101426867813367,0.23052309080979758,0.16794450383768447,0.2968746428544217,0.12309739818112825,0.0026026626583188772,0.5
E5.0_dann,1,unsw_nb15,2538252,0.1258692990294108,0.2473481149474873,0.6382700244367296,0.3909219094892423,0.8256602773970608,0.6905731047317603,0.4784292497356448,0.21153450255028516,0.874494731426239,0.5
E5.0_dann,2,cic_ids2018,8392401,0.12144355351942787,0.5344330578652979,0.5651812829473924,0.030748225082094516,0.8430032954795434,0.3040445601903058,0.286024345118876,0.3972507437206068,0.6448498368263245,0.5
E5.0_dann,2,lycos_ids2017,1837486,0.24044972315435328,-0.2763494678430158,0.19977417274750245,0.47612364059051826,0.24204014188012718,0.16276805243434558,0.3919931906964189,0.09336620934578402,0.008999255485832691,0.5
E5.0_dann,2,unsw_nb15,2538252,0.1258692990294108,0.2517014899406095,0.6938140301387836,0.44211254019817414,0.8396409529367793,0.6847001651280124,0.488111503507138,0.21136849751805964,0.9141238927841187,0.5
E5.1_dann_no_grl,0,cic_ids2018,8392401,0.12144355351942787,0.5393726502974693,0.6532371543065749,0.11386450400910564,0.8958441431508563,0.4075535009339151,0.28023160475768494,0.40380072250550214,0.6432489156723022,0.5
E5.1_dann_no_grl,0,lycos_ids2017,1837486,0.24044972315435328,-0.1759371092602239,0.04207274628424415,0.21800985554446806,0.2022191259809858,0.1580866969558727,0.2947407490451628,0.1241437123094933,0.0036861186381429434,0.5
E5.1_dann_no_grl,0,unsw_nb15,2538252,0.1258692990294108,0.2691330389033604,0.5466847378785294,0.27755169897516907,0.7958154615118522,0.3232958969567235,0.5090018642750995,0.21354824977263492,0.6100634932518005,0.5
E5.2_source_gated,0,cic_ids2018,8392401,0.12144355351942787,0.46557935845853565,0.5274747478283559,0.06189538936982025,0.8722261303535596,0.39394010932800144,0.15372394622230276,0.4782650822059773,0.42732658982276917,0.5
E5.2_source_gated,0,lycos_ids2017,1837486,0.24044972315435328,-0.18534034805207955,0.059383938497912576,0.24472428654999212,0.2856734307173816,0.16841622638767445,0.3171801036851437,0.12423517623118181,1.0413280904231215e-07,0.5
E5.2_source_gated,0,unsw_nb15,2538252,0.1258692990294108,0.416237256943388,0.7442513394155946,0.32801408247220665,0.8787009700198951,0.7983667638209176,0.3329346337558288,0.321300433572524,0.867656409740448,0.5
E5.3_cdan,0,cic_ids2018,8392401,0.12144355351942787,0.5349302563472623,0.5880987839376981,0.05316852759043578,0.8646135994696561,0.3391483497030791,0.28614695603796814,0.39742448343924114,0.5760838389396667,0.5
E5.3_cdan,0,lycos_ids2017,1837486,0.24044972315435328,-0.29812063545556095,0.13171121144317635,0.4298318468987373,0.17813339771138448,0.15276118959241955,0.41290491464968987,0.08853088214554498,0.0067375823855400085,0.5
E5.3_cdan,0,unsw_nb15,2538252,0.1258692990294108,0.1954958722892601,0.21366999978625806,0.018174127496997955,0.527385660758679,0.12711325407631277,0.5187380921988833,0.18832935365097883,0.5623548626899719,0.5
E5.4_dropedge_p20_dann,0,cic_ids2018,8392401,0.12144355351942787,0.5009364555917057,0.5921620407374796,0.09122558514577384,0.8712586981530003,0.34599494443425477,0.3123935569808926,0.3642016041303993,0.5587995648384094,0.5
E5.4_dropedge_p20_dann,0,lycos_ids2017,1837486,0.24044972315435328,-0.215229854454892,0.16364994719242637,0.3788798016473184,0.260519272254089,0.16625640514244547,0.33219300718481665,0.11003604193971167,0.01261739619076252,0.5
E5.4_dropedge_p20_dann,0,unsw_nb15,2538252,0.1258692990294108,0.2596230726422756,0.6993809424742519,0.4397578698319763,0.81895245797253,0.7399025177388082,0.44290243837097343,0.2224528063561757,0.7532744407653809,0.5
E5.4_dropedge_p50_dann,0,cic_ids2018,8392401,0.12144355351942787,0.4936100210041892,0.5089252771642765,0.015315256160087276,0.7812849630813743,0.22615006674688992,0.318503846515437,0.3572905770718575,0.5872861742973328,0.5
E5.4_dropedge_p50_dann,0,lycos_ids2017,1837486,0.24044972315435328,-0.16292671080042578,0.23635790771273393,0.3992846185131597,0.3578260287171566,0.19276601445678332,0.28233575657175075,0.1294401566728606,0.0054977694526314735,0.5
E5.4_dropedge_p50_dann,0,unsw_nb15,2538252,0.1258692990294108,0.21829137950680796,0.2690112173267551,0.05071983781994713,0.658579052919936,0.19051870010222172,0.44915280279499437,0.20605615654573475,0.6384819746017456,0.5
E6.1_anomal_e,0,cic_ids2018,8392401,0.12144355351942787,-0.12339645066880973,0.21013121563890297,0.3335276663077127,0.5562297187222799,0.12056051362316864,0.2053648294451135,0.04215772055069208,0.436673104763031,0.5
E6.1_anomal_e,0,lycos_ids2017,1837486,0.24044972315435328,-0.18876963359018262,0.0,0.18876963359018262,0.26803667459987324,0.15967867995131196,0.15070591014026774,0.04894193268814098,0.6002016530761719,0.5
E6.1_anomal_e,0,unsw_nb15,2538252,0.1258692990294108,0.033747803390998705,0.3640314176153403,0.3302836142243416,0.775676016819856,0.22846234725819098,0.012379779470281122,0.2258536740604016,0.42517954111099243,0.5
E6.1_anomal_e,1,cic_ids2018,8392401,0.12144355351942787,0.07309564644996909,0.20817636189407202,0.13508071544410294,0.5512259344124084,0.2005819765455878,0.1582957010752942,0.17650007790852862,0.5446734428405762,0.5
E6.1_anomal_e,1,lycos_ids2017,1837486,0.24044972315435328,-0.11904088680688679,0.0,0.11904088680688679,0.2852377158441778,0.1655948527498659,0.0885470692021599,0.07723227455993706,0.5860029326210022,0.5
E6.1_anomal_e,1,unsw_nb15,2538252,0.1258692990294108,0.1823657393358296,0.5208490621830991,0.3384833228472695,0.8786346120475732,0.5398860265693342,0.015669444956607933,0.605310135016217,0.4760221242904663,0.5
E6.1_anomal_e,2,cic_ids2018,8392401,0.12144355351942787,-0.07144777633666792,0.17027850346454818,0.24172627980121608,0.5193864304019886,0.11315092813985969,0.2322552270798309,0.07901224053819582,0.4279848337173462,0.5
E6.1_anomal_e,2,lycos_ids2017,1837486,0.24044972315435328,-0.14793540310218967,0.07974541014945756,0.22768081325164724,0.3218549006618207,0.1870329011628738,0.11807436900199511,0.06766685103244838,0.5347037315368652,0.5
E6.1_anomal_e,2,unsw_nb15,2538252,0.1258692990294108,0.3821418278618187,0.5303830543648811,0.14824122650306237,0.8750319890866487,0.4645906444085847,0.06946512796995728,0.5898026315789474,0.4661271572113037,0.5
E6.2_msa,0,cic_ids2018,8392401,0.12144355351942787,0.27724217066347784,0.3137725469669096,0.036530376303431755,0.7747323833450499,0.275547552274812,0.3003762570449148,0.2596508042039321,0.4930107891559601,0.5
E6.2_msa,0,lycos_ids2017,1837486,0.24044972315435328,-0.0645935914401576,0.12873647111181444,0.19333006255197205,0.2869750620983488,0.18873078023153284,0.05939473824562473,0.1305973226311883,0.5538724660873413,0.5
E6.2_msa,0,unsw_nb15,2538252,0.1258692990294108,0.15793607111058644,0.3598629430691296,0.20192687195854314,0.8235867942576177,0.34130853307892844,0.040024000769033174,0.3824354519593271,0.46028396487236023,0.5
E6.2_msa,1,cic_ids2018,8392401,0.12144355351942787,0.3529165102756463,0.47109886945553653,0.11818235917989023,0.7013431381299218,0.3552316903112651,0.21774900889507068,0.3399373001641096,0.5163772106170654,0.5
E6.2_msa,1,lycos_ids2017,1837486,0.24044972315435328,-0.07332061713258238,0.04996955260065453,0.1232901697332369,0.40882850638447915,0.19595581489210825,0.042721958153694777,0.09212621495267576,0.3747999370098114,0.5
E6.2_msa,1,unsw_nb15,2538252,0.1258692990294108,0.30633540316477204,0.5305548383594417,0.2242194351946697,0.8728262759989254,0.5606164091647727,0.0191832804623024,0.8524398258440812,0.45152342319488525,0.5
E6.2_msa,2,cic_ids2018,8392401,0.12144355351942787,-0.02605205235824694,0.2457668897990175,0.27181894215726443,0.6413430444237398,0.19117236238706242,0.26392137363312357,0.10723208908256408,0.4606560468673706,0.5
E6.2_msa,2,lycos_ids2017,1837486,0.24044972315435328,-0.2032304325673014,0.05804797586110335,0.2612784084284047,0.2564791580710759,0.15756558188510364,0.15941291525486453,0.041011337605276546,0.3999580144882202,0.5
E6.2_msa,2,unsw_nb15,2538252,0.1258692990294108,0.2722117827181175,0.46815662242054823,0.1959448397024307,0.7897640039743739,0.3841644864269534,0.05514621873635872,0.4996177888908734,0.45980677008628845,0.5
E6.4_hybrid_E6.2,0,cic_ids2018,8392401,0.12144355351942787,0.1915267208622109,0.3366113842528456,0.1450846633906347,0.7419791136900041,0.30273995649957525,0.22808419187786666,0.23653387832036168,0.7951739430427551,0.5
E6.4_hybrid_E6.2,0,lycos_ids2017,1837486,0.24044972315435328,0.0,0.6093687147103947,0.6093687147103947,0.8009247650699568,0.5790364831658331,0.0,0.0,0.0011495689395815134,0.5
E6.4_hybrid_E6.2,0,unsw_nb15,2538252,0.1258692990294108,0.0,0.07724046638887079,0.07724046638887079,0.37637459115032607,0.1095060662299652,0.0,0.0,1.0424455049173886e-10,0.5
E7.1_lqe_tierA,0,cic_ids2018,8392401,0.12144355351942787,-0.1585037104285807,0.031237399989805893,0.1897411104183866,0.22307914071999269,0.0739102611835665,0.21103710368463088,0.0213374904297197,1.366642088385106e-08,0.5
E7.1_lqe_tierA,0,lycos_ids2017,1837486,0.24044972315435328,-0.2855990901227078,0.03914606949609382,0.3247451596188016,0.2263809343577518,0.15381148755943083,0.21181059338683397,0.005005151606247703,3.8317113649100065e-05,0.5
E7.1_lqe_tierA,0,unsw_nb15,2538252,0.1258692990294108,-0.045523042487701434,0.0,0.045523042487701434,0.4052154425311509,0.09887188433070598,0.3682376690730471,0.10609085462404245,0.9999784694442749,0.5
E7.1_lqe_tierA,1,cic_ids2018,8392401,0.12144355351942787,-0.05563775630156187,0.010936514091328117,0.06657427039288999,0.3444756313744662,0.08779514616699423,0.06792418522422844,0.05412185311035757,7.587402928166398e-11,0.5
E7.1_lqe_tierA,1,lycos_ids2017,1837486,0.24044972315435328,-0.21422111503147903,0.027041329062127584,0.24126244409360662,0.35455728947652676,0.1778520226047673,0.16587500530616286,0.03515500684070828,0.00034311876515857875,0.5
E7.1_lqe_tierA,1,unsw_nb15,2538252,0.1258692990294108,0.0437329368316346,0.050194439827380005,0.006461502995745404,0.40466753808429584,0.11012748588771662,0.19310178815972567,0.15552259451872014,0.4802343547344208,0.5
E7.1_lqe_tierA,2,cic_ids2018,8392401,0.12144355351942787,-0.05512408859882239,0.06320464642521512,0.11832873502403751,0.3860577595671748,0.09165354952022994,0.07347170374723515,0.05750205966876634,0.00010907025716733187,0.5
E7.1_lqe_tierA,2,lycos_ids2017,1837486,0.24044972315435328,-0.3434724161760249,0.03698590715254839,0.3804583233285733,0.21875073052136312,0.1541448686301562,0.27153839539457714,3.0063253084489767e-05,0.00045566807966679335,0.5
E7.1_lqe_tierA,2,unsw_nb15,2538252,0.1258692990294108,-0.21435600355140574,0.0,0.21435600355140574,0.3037901361668214,0.08384112318265756,0.32661099055570525,0.02377503103057703,0.9999977813491822,0.5
E7.1_lqe_tierB,0,cic_ids2018,8392401,0.12144355351942787,0.019214224697692562,0.03686134968544015,0.01764712498774759,0.4330797288418024,0.09780969922270111,0.8911620166862856,0.12363689798179942,0.34636369347572327,0.5
E7.1_lqe_tierB,0,lycos_ids2017,1837486,0.24044972315435328,0.26670130113285784,0.2928522998474257,0.026150998714567886,0.6920839922081188,0.458934000405798,0.27344480447742187,0.42623658824442584,0.7090858817100525,0.5
E7.1_lqe_tierB,0,unsw_nb15,2538252,0.1258692990294108,-0.21332237341040083,0.0421819766093358,0.25550435001973665,0.18701864889880512,0.07638676138127264,0.36226072115771013,0.03198446127226596,2.5465858470852254e-06,0.5
E7.2_lze,0,cic_ids2018,8392401,0.12144355351942787,-0.04638693740866256,0.0,0.04638693740866256,0.3411520474226608,0.08555341785424037,0.02445069057114883,0.02573586744639376,0.9999993310699463,0.5
E7.2_lze,0,lycos_ids2017,1837486,0.24044972315435328,0.08039706739088368,0.15740068772093063,0.07700362033004696,0.4345486513856561,0.24183106126440873,0.06883970816648399,0.36681371153906966,0.00046066101640462875,0.5
E7.2_lze,0,unsw_nb15,2538252,0.1258692990294108,-0.01760503323188788,0.012565700350152484,0.030170733582040365,0.4464259863521953,0.1142532912714729,0.06347990664441513,0.10343950151432402,0.2760081887245178,0.5
E7.4_lqe_hybrid,0,cic_ids2018,8392401,0.12144355351942787,-0.2008612724850209,0.09662508934058935,0.2974863618256102,0.35969219789975154,0.08837423254955913,0.2316950774873603,0.0019686517409813844,5.103457261824984e-13,0.5
E7.4_lqe_hybrid,0,lycos_ids2017,1837486,0.24044972315435328,0.11123802493148781,0.41820511668965504,0.3069670917581672,0.6159461110565252,0.39228860435012947,0.063315856556186,0.42329511268501485,0.2638366222381592,0.5
E7.4_lqe_hybrid,0,unsw_nb15,2538252,0.1258692990294108,-0.008591483975623464,0.4054007611505731,0.4139922451261966,0.785077668136601,0.34366533275097055,0.004013785865233239,0.08097762073027091,0.06824710965156555,0.5
E8.1_ts_sage_d60,0,cic_ids2018,8392401,0.12144355351942787,0.597961602155422,0.6319725561178723,0.03401095396245024,0.8798281849887027,0.391102444167918,0.24330760648829816,0.4658943600065624,0.7122529745101929,0.5
E8.1_ts_sage_d60,0,lycos_ids2017,1837486,0.24044972315435328,-0.12572837539927523,0.17711123192047548,0.3028396073197507,0.41293002091496145,0.20706247399266337,0.24857114557607513,0.1470292022261826,0.25089341402053833,0.5
E8.1_ts_sage_d60,0,unsw_nb15,2538252,0.1258692990294108,0.004618826745876861,0.2153064221199497,0.21068759537407283,0.5173219325786127,0.12540177038912487,0.7629368557574268,0.1267233179415097,0.631777822971344,0.5
E9.1_e1e,0,cic_ids2018,8392401,0.12144355351942787,-0.06552290673697587,0.5729018100422894,0.6384247167792653,0.8377533514870991,0.33807790872491494,0.03603998426671938,0.0107550700583875,0.3683227002620697,0.5
E9.1_e1e,0,lycos_ids2017,1837486,0.24044972315435328,0.036450482931626664,0.1835038684252609,0.14705338549363423,0.23013095566905367,0.2173458629074364,0.1301604474809604,0.2807189925073588,0.8844625353813171,0.5
E9.1_ts_sage_d60,0,cic_ids2018,8392401,0.12144355351942787,-0.006169865746505969,0.6413713002957886,0.6475411660422946,0.8673301370412775,0.36317100292322957,0.0018053236493346778,0.07405451785360702,0.42696189880371094,0.5
E9.1_ts_sage_d60,0,lycos_ids2017,1837486,0.24044972315435328,-0.038917702349163925,0.36175381456067857,0.4006715169098425,0.5633570672329208,0.26243128585196857,0.17841169946328841,0.20475918847935967,0.07326781749725342,0.5
E9.2_ts_sage_d15,0,lycos_ids2017,1837486,0.24044972315435328,0.00661865546063232,0.29221026156163826,0.2855916061010059,0.5187075518087828,0.2908422510121872,0.1477910579998977,0.24724190246129826,0.05302916467189789,0.5
P2.Q1b,0,cic_ids2018,8392401,0.12144355351942787,0.16196022945980504,0.34042243160048063,0.1784622021406756,0.7383893625785561,0.19773343435527527,0.2286848543104649,0.21860135524159618,0.008899514563381672,0.5
P3.5_scale_inv,0,cic_ids2018,8392401,0.12144355351942787,-0.011529445378340848,0.0,0.011529445378340848,0.3598005350616311,0.08744802488797884,0.0013271529804164506,0.01813611061231819,0.999989079071045,0.5
P3.5_scale_inv,0,lycos_ids2017,1837486,0.24044972315435328,-0.015460878305984698,0.03513905079776146,0.05059992910374616,0.41933615519930856,0.1965385797176356,0.0007635432324382336,0.0014255167498218105,1.0059724329385838e-15,0.5
P3.5_scale_inv,0,unsw_nb15,2538252,0.1258692990294108,-0.007269612542343649,0.29172447673772534,0.298994089280069,0.7092722075914042,0.1848393804132029,0.005508909280875185,0.09347064292355002,6.609908268728759e-06,0.5
P3.E1E,0,lycos_ids2017,1837486,0.24044972315435328,-0.3167223029272763,0.0,0.3167223029272763,0.179070953482866,0.14632922350391336,0.43120981602036695,0.08499612541049194,0.999734030796051,0.5
P3.E1E,0,unsw_nb15,2538252,0.1258692990294108,0.24865166059563604,0.3836404286989402,0.13498876810330418,0.7221842370182923,0.26793853275181945,0.5090452011856978,0.20686874315544257,0.6218405961990356,0.5
